{
    "project": {
      "version": "1.0.0",
      "name": "goodsreceipt"
    },
    "apps": [
      {
        "root": "src",
        "outDir": "dist",
        "assets": [
          "assets"
        ],
        "index": "index.html",
        "main": "main.ts",
        "test": "test.ts",
        "tsconfig": "tsconfig.test.json",
        "prefix": "app",
        "mobile": false,
        "styles": [
          "styles.css"
        ],
        "scripts": [],
        "environments": {
          "source": "environments/environment.ts",
          "dev": "environments/environment.ts",
          "prod": "environments/environment.prod.ts"
        }
      }
    ],
    "addons": [],
    "packages": [],
    "test": {
      "karma": {
        "config": "./karma.conf.js"
      }
    },
    "defaults": {
      "styleExt": "css",
      "prefixInterfaces": false,
      "inline": {
        "style": false,
        "template": false
      },
      "spec": {
        "class": false,
        "component": true,
        "directive": true,
        "module": false,
        "pipe": true,
        "service": true
      }
    }
   }