[{
    "PO_TYPE": "BLANKET PURCHASE ORDER",
    "PO_NUMBER": "4156",
    "VENDOR_NAME": "Agile Electronic Supplies",
    "PO_HEADER_ID": "364920",
    "VENDOR_SITE": "SANTA ROSA-USE1",
    "ITEMS": "1",
    "RELEASES": "1",
    "CONTRACT": "NA",
    "REQUESTOR": "Lvis, Mr. joe",
    "PO_HDR_PRICE": "50",
    "CURRENCY_CODE": "USD",
    "CREATION_DATE": "06-JUL-17",
    "LAST_UPDATE_DATE": "06-JUL-17",
    "LINE_ITEM": [{
      "ITEM": "AS200345",
      "PO_LINE_ID": "437303",
      "LINE_LOCATION_ID": "751097",
      "SHIPMENT_NUM": "1",
      "LINE_NUM": "1",
      "DESCRIPTION": "System",
      "QUAN_ORD": "5Each",
      "QUAN_RECV": "5",
      "UOM": "Each",
      "DELIVERY_DATE": "08-JUL-17",
      "ITEM_DETAILS": [{
        "ITEM": "AS200345",
        "INVENTORY_ITEM_ID": "243205",
        "Delivery_to": "Chicago",
        "DESCRIPTION": "System",
        "CATEGORY": "MISC,MISC",
        "Order_Quantity": "5Each",
        "SHIPMENT": "1",
        "DESTINATION_TYPE": "Receiving",
        "OVERRIDE_STATUS": "N",
        "SUBINVENTORY": "",
        "Quantity_Received": "5Each",
        "Receipt_Date": "20-SEP-2017",
        "PO_HEADER_ID": "364920",
        "PO_RELEASE_ID": "436889",
        "PO_LINE_ID": "437303",
        "LINE_LOCATION_ID": "751097",
        "PO_DISTRIBUTION_ID": "762423",
        "PO_LINE_NUMBER": "1",
        "SHIP_TO_LOCATION_ID": "27516",
        "CURRENCY_CODE": "USD",
        "ORG_ID": "7943"
      }]
    }]
  },
  {
    "PO_TYPE": "PLANNED PURCHASE ORDER",
    "PO_NUMBER": "4155",
    "VENDOR_NAME": "Agile Electronic Supplies",
    "PO_HEADER_ID": "364919",
    "VENDOR_SITE": "SANTA ROSA-USE1",
    "ITEMS": "1",
    "RELEASES": "2",
    "CONTRACT": "NA",
    "REQUESTOR": "Lvis, Mr. joe",
    "PO_HDR_PRICE": "50",
    "CURRENCY_CODE": "USD",
    "CREATION_DATE": "06-JUL-17",
    "LAST_UPDATE_DATE": "06-JUL-17",
    "LINE_ITEM": [{
      "ITEM": "AS200345",
      "PO_LINE_ID": "437302",
      "LINE_LOCATION_ID": "751096",
      "SHIPMENT_NUM": "1",
      "LINE_NUM": "1",
      "DESCRIPTION": "System",
      "QUAN_ORD": "5Each",
      "QUAN_RECV": "5",
      "UOM": "Each",
      "DELIVERY_DATE": "09-JUL-17",
      "ITEM_DETAILS": [{
        "ITEM": "AS200345",
        "INVENTORY_ITEM_ID": "243205",
        "Delivery_to": "Chicago",
        "DESCRIPTION": "System",
        "CATEGORY": "MISC,MISC",
        "Order_Quantity": "5Each",
        "SHIPMENT": "1",
        "DESTINATION_TYPE": "Receiving",
        "OVERRIDE_STATUS": "N",
        "SUBINVENTORY": "",
        "Quantity_Received": "5Each",
        "Receipt_Date": "20-SEP-2017",
        "PO_HEADER_ID": "364919",
        "PO_RELEASE_ID": "436888",
        "PO_LINE_ID": "437302",
        "LINE_LOCATION_ID": "751096",
        "PO_DISTRIBUTION_ID": "762422",
        "PO_LINE_NUMBER": "1",
        "SHIP_TO_LOCATION_ID": "27516",
        "CURRENCY_CODE": "USD",
        "ORG_ID": "7943"
      }]
    }]
  },
  {
    "PO_TYPE": "STANDARD PURCHASE ORDER",
    "PO_NUMBER": "4248",
    "VENDOR_NAME": "Agile Electronic Supplies",
    "PO_HEADER_ID": "402929",
    "VENDOR_SITE": "SANTA ROSA-USE1",
    "ITEMS": "1",
    "RELEASES": "0",
    "CONTRACT": "NA",
    "REQUESTOR": "Lvis, Mr. joe",
    "PO_HDR_PRICE": "60",
    "CURRENCY_CODE": "USD",
    "CREATION_DATE": "07-SEP-17",
    "LAST_UPDATE_DATE": "07-SEP-17",
    "LINE_ITEM": [{
      "ITEM": "A1032456",
      "PO_LINE_ID": "476323",
      "LINE_LOCATION_ID": "792127",
      "SHIPMENT_NUM": "1",
      "LINE_NUM": "1",
      "DESCRIPTION": "Laptops",
      "QUAN_ORD": "5Each",
      "QUAN_RECV": "4",
      "UOM": "Each",
      "DELIVERY_DATE": "07-SEP-17",
      "ITEM_DETAILS": [{
        "ITEM": "A1032456",
        "INVENTORY_ITEM_ID": "239205",
        "Delivery_to": "Chicago",
        "DESCRIPTION": "Laptops",
        "CATEGORY": "MISC,MISC",
        "Order_Quantity": "5Each",
        "SHIPMENT": "1",
        "DESTINATION_TYPE": "Receiving",
        "OVERRIDE_STATUS": "N",
        "SUBINVENTORY": "",
        "Quantity_Received": "4Each",
        "Receipt_Date": "20-SEP-2017",
        "PO_HEADER_ID": "402929",
        "PO_RELEASE_ID": "",
        "PO_LINE_ID": "476323",
        "LINE_LOCATION_ID": "792127",
        "PO_DISTRIBUTION_ID": "803453",
        "PO_LINE_NUMBER": "1",
        "SHIP_TO_LOCATION_ID": "27516",
        "CURRENCY_CODE": "USD",
        "ORG_ID": "7943"
      }]
    }]
  },
  {
    "PO_TYPE": "STANDARD PURCHASE ORDER",
    "PO_NUMBER": "4246",
    "VENDOR_NAME": "Agile Electronic Supplies",
    "PO_HEADER_ID": "401933",
    "VENDOR_SITE": "SANTA ROSA-USE1",
    "ITEMS": "2",
    "RELEASES": "0",
    "CONTRACT": "4245",
    "REQUESTOR": "Lvis, Mr. joe",
    "PO_HDR_PRICE": "50",
    "CURRENCY_CODE": "USD",
    "CREATION_DATE": "04-SEP-17",
    "LAST_UPDATE_DATE": "04-SEP-17",
    "LINE_ITEM": [{
      "ITEM": "A1032456",
      "PO_LINE_ID": "475328",
      "LINE_LOCATION_ID": "791144",
      "SHIPMENT_NUM": "2",
      "LINE_NUM": "1",
      "DESCRIPTION": "Laptops",
      "QUAN_ORD": "5Each",
      "QUAN_RECV": "5",
      "UOM": "Each",
      "DELIVERY_DATE": "04-SEP-17",
      "ITEM_DETAILS": [{
        "ITEM": "A1032456",
        "INVENTORY_ITEM_ID": "239205",
        "Delivery_to": "Chicago",
        "DESCRIPTION": "Laptops",
        "CATEGORY": "MISC,MISC",
        "Order_Quantity": "5Each",
        "SHIPMENT": "2",
        "DESTINATION_TYPE": "Receiving",
        "OVERRIDE_STATUS": "N",
        "SUBINVENTORY": "",
        "Quantity_Received": "5Each",
        "Receipt_Date": "20-SEP-2017",
        "PO_HEADER_ID": "401933",
        "PO_RELEASE_ID": "",
        "PO_LINE_ID": "475328",
        "LINE_LOCATION_ID": "791144",
        "PO_DISTRIBUTION_ID": "802470",
        "PO_LINE_NUMBER": "1",
        "SHIP_TO_LOCATION_ID": "27516",
        "CURRENCY_CODE": "USD",
        "ORG_ID": "7943"
      }]
    },
    {
      "ITEM": "A1032456",
      "PO_LINE_ID": "475328",
      "LINE_LOCATION_ID": "791144",
      "SHIPMENT_NUM": "2",
      "LINE_NUM": "1",
      "DESCRIPTION": "Laptops",
      "QUAN_ORD": "5Each",
      "QUAN_RECV": "5",
      "UOM": "Each",
      "DELIVERY_DATE": "04-SEP-17",
      "ITEM_DETAILS": [{
        "ITEM": "A1032456",
        "INVENTORY_ITEM_ID": "239205",
        "Delivery_to": "Chicago",
        "DESCRIPTION": "Laptops",
        "CATEGORY": "MISC,MISC",
        "Order_Quantity": "5Each",
        "SHIPMENT": "2",
        "DESTINATION_TYPE": "Receiving",
        "OVERRIDE_STATUS": "N",
        "SUBINVENTORY": "",
        "Quantity_Received": "5Each",
        "Receipt_Date": "20-SEP-2017",
        "PO_HEADER_ID": "401933",
        "PO_RELEASE_ID": "",
        "PO_LINE_ID": "475328",
        "LINE_LOCATION_ID": "791144",
        "PO_DISTRIBUTION_ID": "802470",
        "PO_LINE_NUMBER": "1",
        "SHIP_TO_LOCATION_ID": "27516",
        "CURRENCY_CODE": "USD",
        "ORG_ID": "7943"
      }]
    }]
  },
  {
    "PO_TYPE": "PLANNED PURCHASE ORDER",
    "PO_NUMBER": "4045",
    "VENDOR_NAME": "Allied Electronics",
    "PO_HEADER_ID": "299882",
    "VENDOR_SITE": "Allied Electron",
    "ITEMS": "1",
    "RELEASES": "2",
    "CONTRACT": "NA",
    "REQUESTOR": "John, Smith",
    "PO_HDR_PRICE": "80",
    "CURRENCY_CODE": "USD",
    "CREATION_DATE": "04-12-17",
    "LAST_UPDATE_DATE": "04-12-17",
    "LINE_ITEM": [{
      "ITEM": "AS1200045",
      "PO_LINE_ID": "371244",
      "LINE_LOCATION_ID": "684030",
      "SHIPMENT_NUM": "1",
      "LINE_NUM": "1",
      "DESCRIPTION": "Laptops",
      "QUAN_ORD": "2Each",
      "QUAN_RECV": "2",
      "UOM": "Each",
      "DELIVERY_DATE": "06-12-17",
      "ITEM_DETAILS": [{
        "ITEM": "AS1200045",
        "INVENTORY_ITEM_ID": "235205",
        "Delivery_to": "Dallas",
        "DESCRIPTION": "Laptops",
        "CATEGORY": "MISC,MISC",
        "Order_Quantity": "2Each",
        "SHIPMENT": "1",
        "DESTINATION_TYPE": "Receiving",
        "OVERRIDE_STATUS": "Y",
        "SUBINVENTORY": "",
        "Quantity_Received": "2Each",
        "Receipt_Date": "12-DEC-2017",
        "PO_HEADER_ID": "299882",
        "PO_RELEASE_ID": "433887",
        "PO_LINE_ID": "371244",
        "LINE_LOCATION_ID": "684030",
        "PO_DISTRIBUTION_ID": "695357",
        "PO_LINE_NUMBER": "1",
        "SHIP_TO_LOCATION_ID": "27516",
        "CURRENCY_CODE": "USD",
        "ORG_ID": "7911"
      }]
    }]
  }
]
