[
  {
    "QUESTION":"Is Algarytm a partner of Oracle?",
    "ANSWER":"Yes. We are a Software Development partner (ISV) of Oracle. We closely collaborate with Oracle to develop solutions using Oracle's infrastructure and all our solutions are certified by Oracle.",
    "html": "<html><h2>AboutUs</h2><p>developing and supporting complex IT solutions.Touchingmillions of lives world wide by bringing in innovative technology </p></html>"
  },
  {
    "QUESTION":"What is the duration for deployment of mobile app?",
    "ANSWER":"The average time for deployment of mobile app is 3-4 weeks.",
    "html": "<h2>AboutUs</h2><p>developing and supporting complex IT solutions.Touchingmillions of lives world wide by bringing in innovative technology </p>"
  },
  {
    "QUESTION":"What details do you need for app deployment?",
    "ANSWER":"We need the following details \n 1. The Version of Oracle ERP(EBS/Fusion Cloud) \n 2. The version of Database \n 3. Access to VPN \n 4. Sample user details for testing app functionalities.",
    "html": "<h2>AboutUs</h2><p>developing and supporting complex IT solutions.Touchingmillions of lives world wide by bringing in innovative technology </p>"
  },
  {
    "QUESTION":"Are your apps certified by Oracle?",
    "ANSWER":"Yes. All our apps are certified by Oracle and we are available on Oracle Cloud Marketplace.",
    "html": "<h2>AboutUs</h2><p>developing and supporting complex IT solutions.Touchingmillions of lives world wide by bringing in innovative technology </p>"
  },
  {
    "QUESTION":"What is the price for getting the app?",
    "ANSWER":"App License is free*. We charge for app integration services. * Does not include API customizations, Design changes, additional functionalities",
    "html": "<h2>AboutUs</h2><p>developing and supporting complex IT solutions.Touchingmillions of lives world wide by bringing in innovative technology </p>"
  },
  {
    "QUESTION":"What are app customizations available?",
    "ANSWER":"Mobile Apps we developed are flexible and easy to extend. We can do all sorts of mobile app customizations for a reasonable cost.",
    "html": "<h2>AboutUs</h2><p>developing and supporting complex IT solutions.Touchingmillions of lives world wide by bringing in innovative technology </p>"
  },
  {
    "QUESTION":"Why Algarytm?",
    "ANSWER":"Algarytm is an award winning Mobile solutions provider and is #1 certified Oracle apps provider.",
    "html": "<h2>AboutUs</h2><p>developing and supporting complex IT solutions.Touchingmillions of lives world wide by bringing in innovative technology </p>"
  },
  {
    "QUESTION":"What is your geographical presence?",
    "ANSWER":"We have clients from all over the world: North America, Europe, Middle East, Asia Pacific.",
    "html": "<h2>AboutUs</h2><p>developing and supporting complex IT solutions.Touchingmillions of lives world wide by bringing in innovative technology </p>"
  },
  {
    "QUESTION":"What platforms your solutions support?",
    "ANSWER":"iOS, Android, and Windows",
    "html": "<h2>AboutUs</h2><p>developing and supporting complex IT solutions.Touchingmillions of lives world wide by bringing in innovative technology </p>"
  },
  {
    "QUESTION":"I have a problem after deploying the app. What support do you provide?",
    "ANSWER":"We offer 24*7 support for any mobile app problems.Please find below the contact details for support.",
    "html": "<h2>AboutUs</h2><p>developing and supporting complex IT solutions.Touchingmillions of lives world wide by bringing in innovative technology </p>"
  },
  {
    "QUESTION":"How can I reach if I need more details?",
    "ANSWER":"Here are some of the email contacts which will be helpful for you. \n 1. For Marketing & Sales related queries,reach Ravi at - ravi.j@algarytm.com. \n 2. For technical related queries, reach us at - info@algarytm.com.",
    "html": "<h2>AboutUs</h2><p>developing and supporting complex IT solutions.Touchingmillions of lives world wide by bringing in innovative technology </p>"
  }
]
