{
  "SUBIVENTORY_LIST": [
    {
      "SECONDARY_INVENTORY_NAME": "010",
      "DESCRIPTION": "TRM Storage Location",
      "SUBINVENTORY": "010-TRM Storage Location",
      "ORGANIZATION_ID": "7963"
    },
    {
      "SECONDARY_INVENTORY_NAME": "011",
      "DESCRIPTION": "Central WM 1",
      "SUBINVENTORY": "011-Central WM 1",
      "ORGANIZATION_ID": "7963"
    },
    {
      "SECONDARY_INVENTORY_NAME": "012",
      "DESCRIPTION": "Central WM 2",
      "SUBINVENTORY": "012-Central WM 2",
      "ORGANIZATION_ID": "7963"
    },
    {
      "SECONDARY_INVENTORY_NAME": "013",
      "DESCRIPTION": "Central WM 3",
      "SUBINVENTORY": "013-Central WM 3",
      "ORGANIZATION_ID": "7963"
    },
    {
      "SECONDARY_INVENTORY_NAME": "014",
      "DESCRIPTION": "Central WM 4",
      "SUBINVENTORY": "014-Central WM 4",
      "ORGANIZATION_ID": "7963"
    },
    {
      "SECONDARY_INVENTORY_NAME": "015",
      "DESCRIPTION": "Cycle Count Stores",
      "SUBINVENTORY": "015-Cycle Count Stores",
      "ORGANIZATION_ID": "7963"
    },
    {
      "SECONDARY_INVENTORY_NAME": "016",
      "DESCRIPTION": "Central MW 5",
      "SUBINVENTORY": "016-Central MW 5",
      "ORGANIZATION_ID": "7963"
    }
  ],
  "OPERATING_UNIT": [
    {
      "ORG_ID": "202",
      "OPERATING_UNIT_NAME": "Vision Corporation"
    },
    {
      "ORG_ID": "204",
      "OPERATING_UNIT_NAME": "Vision Operations"
    },
    {
      "ORG_ID": "229",
      "OPERATING_UNIT_NAME": "Singapore Distribution Center"
    },
    {
      "ORG_ID": "458",
      "OPERATING_UNIT_NAME": "Vision Services"
    },
    {
      "ORG_ID": "600",
      "OPERATING_UNIT_NAME": "Vision Project Mfg"
    },
    {
      "ORG_ID": "626",
      "OPERATING_UNIT_NAME": "Vision Industries"
    },
    {
      "ORG_ID": "887",
      "OPERATING_UNIT_NAME": "Vision Sweden"
    },
    {
      "ORG_ID": "888",
      "OPERATING_UNIT_NAME": "Vision France"
    },
    {
      "ORG_ID": "889",
      "OPERATING_UNIT_NAME": "Vision Netherlands"
    },
    {
      "ORG_ID": "916",
      "OPERATING_UNIT_NAME": "Vision Corporation Japan"
    },
    {
      "ORG_ID": "911",
      "OPERATING_UNIT_NAME": "Vision Germany"
    },
    {
      "ORG_ID": "912",
      "OPERATING_UNIT_NAME": "Vision Korea"
    },
    {
      "ORG_ID": "917",
      "OPERATING_UNIT_NAME": "Vision Services Japan"
    },
    {
      "ORG_ID": "996",
      "OPERATING_UNIT_NAME": "PRU-Vision Process Industries (US)"
    },
    {
      "ORG_ID": "1016",
      "OPERATING_UNIT_NAME": "Vision Spain"
    },
    {
      "ORG_ID": "1017",
      "OPERATING_UNIT_NAME": "Vision Italy"
    },
    {
      "ORG_ID": "1018",
      "OPERATING_UNIT_NAME": "Vision Belgium"
    },
    {
      "ORG_ID": "1081",
      "OPERATING_UNIT_NAME": "Vision Services R+D"
    },
    {
      "ORG_ID": "1448",
      "OPERATING_UNIT_NAME": "Progress Master"
    },
    {
      "ORG_ID": "1468",
      "OPERATING_UNIT_NAME": "Progress Administration"
    },
    {
      "ORG_ID": "2052",
      "OPERATING_UNIT_NAME": "Progress DE"
    },
    {
      "ORG_ID": "1759",
      "OPERATING_UNIT_NAME": "Vision University"
    },
    {
      "ORG_ID": "1733",
      "OPERATING_UNIT_NAME": "Vision Communications (USA)"
    },
    {
      "ORG_ID": "1646",
      "OPERATING_UNIT_NAME": "Vision Australia"
    },
    {
      "ORG_ID": "1668",
      "OPERATING_UNIT_NAME": "Progress UK"
    },
    {
      "ORG_ID": "1885",
      "OPERATING_UNIT_NAME": "US Federal Government"
    },
    {
      "ORG_ID": "2541",
      "OPERATING_UNIT_NAME": "Vision Financial Services (USA)"
    },
    {
      "ORG_ID": "2869",
      "OPERATING_UNIT_NAME": "Vision Health Services"
    },
    {
      "ORG_ID": "3078",
      "OPERATING_UNIT_NAME": "Progress FR"
    },
    {
      "ORG_ID": "3200",
      "OPERATING_UNIT_NAME": "Vision Leasing"
    },
    {
      "ORG_ID": "3623",
      "OPERATING_UNIT_NAME": "Vision Greece"
    },
    {
      "ORG_ID": "3687",
      "OPERATING_UNIT_NAME": "Vision Argentina"
    },
    {
      "ORG_ID": "3647",
      "OPERATING_UNIT_NAME": "Vision Norway"
    },
    {
      "ORG_ID": "3944",
      "OPERATING_UNIT_NAME": "Vision Portugal"
    },
    {
      "ORG_ID": "3964",
      "OPERATING_UNIT_NAME": "Vision Chile"
    },
    {
      "ORG_ID": "3965",
      "OPERATING_UNIT_NAME": "Vision Denmark"
    },
    {
      "ORG_ID": "3535",
      "OPERATING_UNIT_NAME": "Vision Taiwan"
    },
    {
      "ORG_ID": "3536",
      "OPERATING_UNIT_NAME": "Vision Thailand"
    },
    {
      "ORG_ID": "3537",
      "OPERATING_UNIT_NAME": "Vision Switzerland"
    },
    {
      "ORG_ID": "3562",
      "OPERATING_UNIT_NAME": "Vision Poland"
    },
    {
      "ORG_ID": "3561",
      "OPERATING_UNIT_NAME": "Vision Czech"
    },
    {
      "ORG_ID": "3643",
      "OPERATING_UNIT_NAME": "Vision Utilities"
    },
    {
      "ORG_ID": "3812",
      "OPERATING_UNIT_NAME": "Sao Paulo (BR)"
    },
    {
      "ORG_ID": "3813",
      "OPERATING_UNIT_NAME": "Rio de Janeiro (BR)"
    },
    {
      "ORG_ID": "3968",
      "OPERATING_UNIT_NAME": "Vision Turkey"
    },
    {
      "ORG_ID": "4044",
      "OPERATING_UNIT_NAME": "Vision Columbia"
    },
    {
      "ORG_ID": "3603",
      "OPERATING_UNIT_NAME": "Vision Finland"
    },
    {
      "ORG_ID": "3644",
      "OPERATING_UNIT_NAME": "Vision Utilities HQ"
    },
    {
      "ORG_ID": "3966",
      "OPERATING_UNIT_NAME": "Vision Hungary"
    },
    {
      "ORG_ID": "5186",
      "OPERATING_UNIT_NAME": "Vision Construction"
    },
    {
      "ORG_ID": "4698",
      "OPERATING_UNIT_NAME": "Vision Project Manufacturing USD"
    },
    {
      "ORG_ID": "4843",
      "OPERATING_UNIT_NAME": "Progress Canada"
    },
    {
      "ORG_ID": "498",
      "OPERATING_UNIT_NAME": "Vision ADB"
    },
    {
      "ORG_ID": "4555",
      "OPERATING_UNIT_NAME": "Vision China"
    },
    {
      "ORG_ID": "4225",
      "OPERATING_UNIT_NAME": "Progress Transportation"
    },
    {
      "ORG_ID": "5317",
      "OPERATING_UNIT_NAME": "ITSA OU/INV"
    },
    {
      "ORG_ID": "5379",
      "OPERATING_UNIT_NAME": "Vision Russia"
    },
    {
      "ORG_ID": "6666",
      "OPERATING_UNIT_NAME": "Progress UK Health Services"
    },
    {
      "ORG_ID": "6646",
      "OPERATING_UNIT_NAME": "Progress BE"
    },
    {
      "ORG_ID": "6946",
      "OPERATING_UNIT_NAME": "Vision Romania"
    },
    {
      "ORG_ID": "7046",
      "OPERATING_UNIT_NAME": "Vision India Hyderabad"
    },
    {
      "ORG_ID": "7047",
      "OPERATING_UNIT_NAME": "Vision India Mumbai"
    },
    {
      "ORG_ID": "7186",
      "OPERATING_UNIT_NAME": "SSC US 01"
    },
    {
      "ORG_ID": "7188",
      "OPERATING_UNIT_NAME": "SSC US 02"
    },
    {
      "ORG_ID": "7206",
      "OPERATING_UNIT_NAME": "SSC Italy"
    },
    {
      "ORG_ID": "7207",
      "OPERATING_UNIT_NAME": "SSC France"
    },
    {
      "ORG_ID": "7328",
      "OPERATING_UNIT_NAME": "Vision Ukraine"
    },
    {
      "ORG_ID": "7859",
      "OPERATING_UNIT_NAME": "Vision Modeling"
    },
    {
      "ORG_ID": "7943",
      "OPERATING_UNIT_NAME": "Algarytm operating unit"
    },
    {
      "ORG_ID": "7904",
      "OPERATING_UNIT_NAME": "Sqe_operating unit"
    }
  ],
  "INVENTORY_ORGANIZATION": [
    {
      "ORG_ID": "7943",
      "OPERATING_UNIT_NAME": "Algarytm operating unit",
      "inv_org_id": "7983",
      "INVENTORY_ORGANIZATION_NAME": "Texas Inventory Organisation"
    },
    {
      "ORG_ID": "7943",
      "OPERATING_UNIT_NAME": "Algarytm operating unit",
      "inv_org_id": "7924",
      "INVENTORY_ORGANIZATION_NAME": "Algarytm"
    },
    {
      "ORG_ID": "7943",
      "OPERATING_UNIT_NAME": "Algarytm operating unit",
      "inv_org_id": "7963",
      "INVENTORY_ORGANIZATION_NAME": "Chicago Inventory Organisation"
    },
    {
      "ORG_ID": "7943",
      "OPERATING_UNIT_NAME": "Algarytm operating unit",
      "inv_org_id": "7964",
      "INVENTORY_ORGANIZATION_NAME": "Algarytm Master Organisation"
    }
  ],
  "LOCATORS": [
    {
      "LOCATOR_LIST": "1-1-2",
      "LOCATOR_TYPE": "Prespecified locator control"
    }
  ],
  "LOT": [
    {
      "LOT_TYPE": "No lot control",
      "LOT_GENERATION": ""
    }
  ],
  "SERIAL": [
    {
      "SERIAL_TYPE": "No serial"
    }
  ]
}
